5945010029,建生藥局,藥師自營,   -,,東區業務組,藥局,,,2018/11/22,,
5945010038,德生藥局,藥師自營,03 -8322676,花蓮縣花蓮市中山路329號,東區業務組,藥局,,,,星期一上午看診、星期二上午看診、星期三上午看診、星期四上午看診、星期五上午看診、星期六上午看診、星期日上午看診、星期一下午看診、星期二下午看診、星期三下午看診、星期四下午看診、星期五下午看診、星期六下午看診、星期日下午休診、星期一晚上看診、星期二晚上看診、星期三晚上看診、星期四晚上看診、星期五晚上看診、星期六晚上看診、星期日晚上看診,上午9:00至下午9:00
5945010047,邱藥局,藥劑生自營,03 -8324573,花蓮縣花蓮市忠孝街48號,東區業務組,藥局,,,,星期一上午看診、星期二上午看診、星期三上午看診、星期四上午看診、星期五上午看診、星期六上午看診、星期日上午看診、星期一下午看診、星期二下午看診、星期三下午看診、星期四下午看診、星期五下午看診、星期六下午看診、星期日下午休診、星期一晚上看診、星期二晚上看診、星期三晚上看診、星期四晚上看診、星期五晚上看診、星期六晚上看診、星期日晚上看診,
5945010056,健安藥局,藥師自營,03 -8323031,花蓮縣花蓮市中山路537號,東區業務組,藥局,,,,星期一上午看診、星期二上午看診、星期三上午看診、星期四上午看診、星期五上午看診、星期六上午看診、星期日上午看診、星期一下午看診、星期二下午看診、星期三下午看診、星期四下午休診、星期五下午看診、星期六下午看診、星期日下午休診、星期一晚上看診、星期二晚上看診、星期三晚上看診、星期四晚上看診、星期五晚上看診、星期六晚上看診、星期日晚上看診,例假日休
5945010118,永昇藥局,藥劑生自營,03 -8225887,花蓮縣花蓮市化道路212之1號,東區業務組,藥局,,,,星期一上午看診、星期二上午看診、星期三上午看診、星期四上午看診、星期五上午看診、星期六上午休診、星期日上午休診、星期一下午看診、星期二下午看診、星期三下午看診、星期四下午看診、星期五下午看診、星期六下午休診、星期日下午休診、星期一晚上看診、星期二晚上看診、星期三晚上看診、星期四晚上看診、星期五晚上看診、星期六晚上休診、星期日晚上休診,服務時段：上午8時-晚上9時
5945010136,保康藥局,藥師自營,03 -8579760,花蓮縣花蓮市建國路2段340號,東區業務組,藥局,,,,星期一上午看診、星期二上午看診、星期三上午看診、星期四上午看診、星期五上午看診、星期六上午看診、星期日上午看診、星期一下午看診、星期二下午看診、星期三下午看診、星期四下午看診、星期五下午看診、星期六下午看診、星期日下午看診、星期一晚上看診、星期二晚上看診、星期三晚上看診、星期四晚上看診、星期五晚上看診、星期六晚上看診、星期日晚上看診,服務時段：上午8時-晚上10時
5945010154,郭藥局,藥師自營,03 -8230761,花蓮縣花蓮市中美路95號之3,東區業務組,藥局,,,,星期一上午看診、星期二上午看診、星期三上午看診、星期四上午看診、星期五上午看診、星期六上午休診、星期日上午休診、星期一下午看診、星期二下午看診、星期三下午看診、星期四下午看診、星期五下午看診、星期六下午休診、星期日下午休診、星期一晚上看診、星期二晚上看診、星期三晚上看診、星期四晚上看診、星期五晚上看診、星期六晚上休診、星期日晚上休診,服務時段：上午9-11、下午2:30-4:30、晚上7-8:30
5945010252,吉康藥局,藥師自營,03 -8331208,花蓮縣花蓮市中正路360號,東區業務組,藥局,,,,星期一上午看診、星期二上午看診、星期三上午看診、星期四上午看診、星期五上午看診、星期六上午看診、星期日上午看診、星期一下午看診、星期二下午看診、星期三下午看診、星期四下午看診、星期五下午看診、星期六下午看診、星期日下午休診、星期一晚上看診、星期二晚上看診、星期三晚上看診、星期四晚上看診、星期五晚上看診、星期六晚上看診、星期日晚上看診,
5945010289,易生藥局,藥劑生自營,03 -8322927,花蓮縣花蓮市中正路443號,東區業務組,藥局,,,,星期一上午看診、星期二上午看診、星期三上午看診、星期四上午看診、星期五上午看診、星期六上午看診、星期日上午休診、星期一下午看診、星期二下午看診、星期三下午看診、星期四下午看診、星期五下午看診、星期六下午看診、星期日下午休診、星期一晚上看診、星期二晚上看診、星期三晚上看診、星期四晚上看診、星期五晚上看診、星期六晚上看診、星期日晚上休診,
5945011311,祥悅藥局,藥劑生自營,03 -8323808,花蓮縣花蓮市和平路549號,東區業務組,藥局,,,,星期一上午看診、星期二上午看診、星期三上午看診、星期四上午看診、星期五上午看診、星期六上午看診、星期日上午休診、星期一下午看診、星期二下午看診、星期三下午看診、星期四下午看診、星期五下午看診、星期六下午休診、星期日下午休診、星期一晚上休診、星期二晚上休診、星期三晚上休診、星期四晚上休診、星期五晚上休診、星期六晚上休診、星期日晚上休診,服務時段：上午9-12時、下午4:30-6:30
5945011366,康復藥局,藥劑生自營,03 -8323658,花蓮縣花蓮市中和街201號,東區業務組,藥局,,,,星期一上午看診、星期二上午看診、星期三上午看診、星期四上午看診、星期五上午看診、星期六上午看診、星期日上午休診、星期一下午休診、星期二下午休診、星期三下午休診、星期四下午休診、星期五下午休診、星期六下午休診、星期日下午休診、星期一晚上看診、星期二晚上看診、星期三晚上看診、星期四晚上看診、星期五晚上看診、星期六晚上休診、星期日晚上休診,
5945011428,博愛藥局,藥師自營,03 -8323335,花蓮縣花蓮市南京街276號,東區業務組,藥局,,,,星期一上午看診、星期二上午看診、星期三上午看診、星期四上午看診、星期五上午看診、星期六上午看診、星期日上午休診、星期一下午看診、星期二下午看診、星期三下午看診、星期四下午看診、星期五下午看診、星期六下午看診、星期日下午休診、星期一晚上看診、星期二晚上看診、星期三晚上看診、星期四晚上看診、星期五晚上看診、星期六晚上看診、星期日晚上休診,服務時段：上午8:30-12、下午3-6、晚上4:30-9時
5945011517,宏卿藥局,藥師自營,   -,,東區業務組,藥局,,,2018/04/18,,
5945011526,奧爾思藥局,藥師自營,03 -8325573,花蓮縣花蓮市博愛街215號,東區業務組,藥局,,,,星期一上午看診、星期二上午看診、星期三上午看診、星期四上午看診、星期五上午看診、星期六上午看診、星期日上午休診、星期一下午看診、星期二下午看診、星期三下午休診、星期四下午看診、星期五下午看診、星期六下午休診、星期日下午休診、星期一晚上看診、星期二晚上看診、星期三晚上看診、星期四晚上看診、星期五晚上看診、星期六晚上休診、星期日晚上看診,
5945011759,康馨藥局,藥師自營,03 -8325988,花蓮縣花蓮市鎮國街13號,東區業務組,藥局,,,,星期一上午看診、星期二上午看診、星期三上午看診、星期四上午看診、星期五上午看診、星期六上午看診、星期日上午休診、星期一下午看診、星期二下午看診、星期三下午休診、星期四下午看診、星期五下午看診、星期六下午休診、星期日下午休診、星期一晚上休診、星期二晚上休診、星期三晚上休診、星期四晚上休診、星期五晚上休診、星期六晚上休診、星期日晚上休診,
5945011795,晉嘉藥局,藥師自營,03 -8347329,花蓮縣花蓮市明禮路71之8號,東區業務組,藥局,,,,星期一上午看診、星期二上午看診、星期三上午看診、星期四上午看診、星期五上午看診、星期六上午看診、星期日上午看診、星期一下午看診、星期二下午看診、星期三下午看診、星期四下午看診、星期五下午看診、星期六下午休診、星期日下午休診、星期一晚上看診、星期二晚上看診、星期三晚上看診、星期四晚上看診、星期五晚上看診、星期六晚上看診、星期日晚上看診,
5945011982,幸福藥局,藥劑生自營,   -,,東區業務組,藥局,,,2018/05/21,,
5945012069,華康藥局,藥師自營,03 -8328366,花蓮縣花蓮市建國路196號,東區業務組,藥局,,,,星期一上午看診、星期二上午看診、星期三上午看診、星期四上午看診、星期五上午看診、星期六上午看診、星期日上午休診、星期一下午看診、星期二下午看診、星期三下午看診、星期四下午看診、星期五下午看診、星期六下午看診、星期日下午休診、星期一晚上看診、星期二晚上看診、星期三晚上看診、星期四晚上看診、星期五晚上看診、星期六晚上看診、星期日晚上休診,
5945012087,信康藥局,藥師自營,03 -8320358,花蓮縣花蓮市中華路295號,東區業務組,藥局,,,,星期一上午看診、星期二上午看診、星期三上午看診、星期四上午看診、星期五上午看診、星期六上午看診、星期日上午看診、星期一下午看診、星期二下午看診、星期三下午看診、星期四下午看診、星期五下午看診、星期六下午看診、星期日下午看診、星期一晚上看診、星期二晚上看診、星期三晚上看診、星期四晚上看診、星期五晚上看診、星期六晚上看診、星期日晚上看診,"週一至週六11:00-22:00,週日11:00-21:00"
5945012096,林森藥局,藥師自營,03 -8336321,花蓮縣花蓮市林森路309之1號B1,東區業務組,藥局,,,,星期一上午看診、星期二上午看診、星期三上午看診、星期四上午看診、星期五上午看診、星期六上午休診、星期日上午休診、星期一下午看診、星期二下午看診、星期三下午看診、星期四下午看診、星期五下午看診、星期六下午休診、星期日下午休診、星期一晚上看診、星期二晚上看診、星期三晚上看診、星期四晚上看診、星期五晚上看診、星期六晚上休診、星期日晚上休診,營業時間上午8:00-11:00.下午2:00-4:00.晚上7:00-8:50
5945012112,金英寶藥局,藥師自營,03 -8569596,花蓮縣花蓮市國富十街98號1樓,東區業務組,藥局,,,,星期一上午看診、星期二上午看診、星期三上午看診、星期四上午看診、星期五上午看診、星期六上午休診、星期日上午休診、星期一下午看診、星期二下午看診、星期三下午看診、星期四下午看診、星期五下午看診、星期六下午看診、星期日下午看診、星期一晚上看診、星期二晚上看診、星期三晚上看診、星期四晚上看診、星期五晚上看診、星期六晚上看診、星期日晚上看診,
5945012185,惠生藥局,藥劑生自營,03 -8336836,花蓮縣花蓮市新港街49號,東區業務組,藥局,,,,星期一上午看診、星期二上午看診、星期三上午看診、星期四上午看診、星期五上午看診、星期六上午看診、星期日上午休診、星期一下午看診、星期二下午看診、星期三下午看診、星期四下午看診、星期五下午看診、星期六下午看診、星期日下午休診、星期一晚上看診、星期二晚上看診、星期三晚上看診、星期四晚上看診、星期五晚上看診、星期六晚上休診、星期日晚上休診,
5945012210,維格藥局,藥師自營,03 -8562335,花蓮縣花蓮市富國路48號,東區業務組,藥局,,,,星期一上午看診、星期二上午看診、星期三上午看診、星期四上午看診、星期五上午看診、星期六上午看診、星期日上午休診、星期一下午看診、星期二下午看診、星期三下午看診、星期四下午看診、星期五下午看診、星期六下午看診、星期日下午休診、星期一晚上看診、星期二晚上看診、星期三晚上看診、星期四晚上看診、星期五晚上看診、星期六晚上看診、星期日晚上看診,
5945012229,富康大藥局,藥師自營,03 -8227396,花蓮縣花蓮市中美路73－2號一樓,東區業務組,藥局,,,,星期一上午看診、星期二上午看診、星期三上午看診、星期四上午看診、星期五上午看診、星期六上午看診、星期日上午看診、星期一下午看診、星期二下午看診、星期三下午看診、星期四下午看診、星期五下午看診、星期六下午看診、星期日下午看診、星期一晚上看診、星期二晚上看診、星期三晚上看診、星期四晚上看診、星期五晚上看診、星期六晚上看診、星期日晚上看診,"週一至週六8:30-22:00,週日11:00-21:00"
5945012247,和信藥局,藥劑生自營,03 -8330916,花蓮市中福路133號,東區業務組,藥局,,,,星期一上午看診、星期二上午看診、星期三上午看診、星期四上午看診、星期五上午看診、星期六上午看診、星期日上午休診、星期一下午休診、星期二下午休診、星期三下午休診、星期四下午休診、星期五下午休診、星期六下午休診、星期日下午休診、星期一晚上看診、星期二晚上看診、星期三晚上看診、星期四晚上看診、星期五晚上看診、星期六晚上休診、星期日晚上休診,
5945012256,惠好藥局,藥師自營,03 -8338911,花蓮市國聯四路77號,東區業務組,藥局,,,,星期一上午休診、星期二上午看診、星期三上午休診、星期四上午看診、星期五上午休診、星期六上午看診、星期日上午休診、星期一下午看診、星期二下午看診、星期三下午看診、星期四下午看診、星期五下午看診、星期六下午休診、星期日下午休診、星期一晚上休診、星期二晚上休診、星期三晚上休診、星期四晚上休診、星期五晚上休診、星期六晚上休診、星期日晚上休診,上午900-1200   下午300-730
5945012318,祥康藥局,藥師自營,03 -8230595,花蓮縣花蓮市中美路87－2號,東區業務組,藥局,,,,星期一上午看診、星期二上午看診、星期三上午看診、星期四上午看診、星期五上午看診、星期六上午看診、星期日上午看診、星期一下午看診、星期二下午看診、星期三下午看診、星期四下午看診、星期五下午看診、星期六下午看診、星期日下午看診、星期一晚上看診、星期二晚上看診、星期三晚上看診、星期四晚上看診、星期五晚上看診、星期六晚上看診、星期日晚上看診,
5945012434,博文藥局,藥劑生自營,03 -8345657,花蓮縣花蓮市光復街22號,東區業務組,藥局,,,,星期一上午看診、星期二上午看診、星期三上午看診、星期四上午看診、星期五上午看診、星期六上午看診、星期日上午休診、星期一下午看診、星期二下午看診、星期三下午看診、星期四下午看診、星期五下午看診、星期六下午休診、星期日下午休診、星期一晚上看診、星期二晚上看診、星期三晚上看診、星期四晚上看診、星期五晚上看診、星期六晚上休診、星期日晚上休診,1/1上午看診下午休診
5945012498,安安藥局,藥師自營,03 -8334514,花蓮縣花蓮市中山路142－8號,東區業務組,藥局,,,,星期一上午看診、星期二上午看診、星期三上午看診、星期四上午看診、星期五上午看診、星期六上午看診、星期日上午休診、星期一下午看診、星期二下午看診、星期三下午看診、星期四下午看診、星期五下午看診、星期六下午看診、星期日下午休診、星期一晚上休診、星期二晚上看診、星期三晚上看診、星期四晚上看診、星期五晚上看診、星期六晚上看診、星期日晚上休診,
5945012541,新希望藥局,藥師自營,03 -8574450,花蓮縣花蓮市富國路10－3號,東區業務組,藥局,,,,星期一上午看診、星期二上午看診、星期三上午看診、星期四上午看診、星期五上午休診、星期六上午休診、星期日上午休診、星期一下午看診、星期二下午看診、星期三下午看診、星期四下午看診、星期五下午休診、星期六下午休診、星期日下午休診、星期一晚上看診、星期二晚上看診、星期三晚上看診、星期四晚上看診、星期五晚上休診、星期六晚上休診、星期日晚上休診,上午9~12點  下午2~9點
5945012550,國泰藥局,藥師自營,   -,,東區業務組,藥局,,,2017/06/05,,
5945012630,三光藥局,藥劑生自營,03 -8333605,花蓮縣花蓮市中華路251－3號1樓,東區業務組,藥局,,,,星期一上午看診、星期二上午看診、星期三上午看診、星期四上午看診、星期五上午看診、星期六上午看診、星期日上午休診、星期一下午看診、星期二下午看診、星期三下午看診、星期四下午看診、星期五下午看診、星期六下午看診、星期日下午休診、星期一晚上看診、星期二晚上看診、星期三晚上看診、星期四晚上看診、星期五晚上看診、星期六晚上看診、星期日晚上休診,
5945012649,活泉藥局,藥師自營,03 -8316633,花蓮縣花蓮市中正路176號,東區業務組,藥局,,,,星期一上午看診、星期二上午看診、星期三上午看診、星期四上午看診、星期五上午看診、星期六上午看診、星期日上午休診、星期一下午看診、星期二下午看診、星期三下午看診、星期四下午看診、星期五下午看診、星期六下午看診、星期日下午休診、星期一晚上看診、星期二晚上看診、星期三晚上看診、星期四晚上看診、星期五晚上看診、星期六晚上看診、星期日晚上看診,
5945012658,花蓮丁丁藥局,藥師自營,03 -8360312,花蓮縣花蓮市中山路553號,東區業務組,藥局,,,,星期一上午看診、星期二上午看診、星期三上午看診、星期四上午看診、星期五上午看診、星期六上午看診、星期日上午看診、星期一下午看診、星期二下午看診、星期三下午看診、星期四下午看診、星期五下午看診、星期六下午看診、星期日下午看診、星期一晚上看診、星期二晚上看診、星期三晚上看診、星期四晚上看診、星期五晚上看診、星期六晚上看診、星期日晚上看診,
5945012685,慈田藥局,藥師自營,03 -8316889,花蓮縣花蓮市中華路188號,東區業務組,藥局,,,,星期一上午看診、星期二上午看診、星期三上午看診、星期四上午看診、星期五上午看診、星期六上午看診、星期日上午看診、星期一下午休診、星期二下午休診、星期三下午休診、星期四下午休診、星期五下午休診、星期六下午休診、星期日下午休診、星期一晚上看診、星期二晚上看診、星期三晚上看診、星期四晚上看診、星期五晚上看診、星期六晚上看診、星期日晚上看診,
5945012701,人仁藥局,藥劑生自營,03 -8332267,花蓮縣花蓮市博愛街184－1號,東區業務組,藥局,,,,星期一上午看診、星期二上午看診、星期三上午看診、星期四上午看診、星期五上午看診、星期六上午看診、星期日上午休診、星期一下午看診、星期二下午看診、星期三下午看診、星期四下午看診、星期五下午看診、星期六下午看診、星期日下午休診、星期一晚上看診、星期二晚上看診、星期三晚上看診、星期四晚上看診、星期五晚上看診、星期六晚上看診、星期日晚上休診,"上午:8:30-12:00 ,下午休息"
5945012729,中正藥局,藥劑生自營,   -,,東區業務組,藥局,,,2018/07/02,,
5945012738,安邦健康藥局,藥劑生自營,03 -8341177,花蓮縣花蓮市中美路63－3號,東區業務組,藥局,,,,星期一上午看診、星期二上午看診、星期三上午看診、星期四上午看診、星期五上午看診、星期六上午看診、星期日上午休診、星期一下午休診、星期二下午休診、星期三下午休診、星期四下午休診、星期五下午休診、星期六下午休診、星期日下午休診、星期一晚上看診、星期二晚上看診、星期三晚上看診、星期四晚上看診、星期五晚上看診、星期六晚上休診、星期日晚上休診,
5945012783,益康大藥局,藥師自營,03 -8564099,花蓮縣花蓮市國富里富國路146號1樓,東區業務組,藥局,,,,星期一上午看診、星期二上午看診、星期三上午看診、星期四上午看診、星期五上午看診、星期六上午看診、星期日上午看診、星期一下午看診、星期二下午看診、星期三下午看診、星期四下午看診、星期五下午看診、星期六下午看診、星期日下午看診、星期一晚上看診、星期二晚上看診、星期三晚上看診、星期四晚上看診、星期五晚上看診、星期六晚上看診、星期日晚上看診,"週一至週六9:00-22:00,週日11:00-21:00"
5945012809,千登健保藥局,藥師自營,03 -8571970,花蓮縣花蓮市中央路三段653號,東區業務組,藥局,,,,星期一上午看診、星期二上午看診、星期三上午看診、星期四上午看診、星期五上午看診、星期六上午看診、星期日上午休診、星期一下午看診、星期二下午看診、星期三下午看診、星期四下午看診、星期五下午看診、星期六下午看診、星期日下午休診、星期一晚上看診、星期二晚上看診、星期三晚上看診、星期四晚上看診、星期五晚上看診、星期六晚上休診、星期日晚上休診,
5945012818,金喜藥局,藥師自營,   -,,東區業務組,藥局,,,2018/02/27,,
5945012827,佳成藥局,藥師自營,   -,,東區業務組,藥局,,,2019/08/02,,
5945012836,全心藥局,藥師自營,03 -8223488,花蓮縣花蓮市永興路1號,東區業務組,藥局,,,,星期一上午看診、星期二上午看診、星期三上午看診、星期四上午看診、星期五上午看診、星期六上午看診、星期日上午休診、星期一下午看診、星期二下午看診、星期三下午看診、星期四下午看診、星期五下午看診、星期六下午休診、星期日下午休診、星期一晚上看診、星期二晚上看診、星期三晚上看診、星期四晚上看診、星期五晚上看診、星期六晚上休診、星期日晚上休診,
5945012863,承祐藥局,藥劑生自營,03 -8338261,花蓮縣花蓮市建國路266號,東區業務組,藥局,,,,星期一上午看診、星期二上午看診、星期三上午看診、星期四上午看診、星期五上午看診、星期六上午看診、星期日上午看診、星期一下午看診、星期二下午看診、星期三下午看診、星期四下午看診、星期五下午看診、星期六下午看診、星期日下午看診、星期一晚上看診、星期二晚上看診、星期三晚上看診、星期四晚上看診、星期五晚上看診、星期六晚上看診、星期日晚上看診,
5945012872,宇康藥局,藥師自營,03 -8357790,花蓮縣花蓮市中華路397號,東區業務組,藥局,,,,星期一上午看診、星期二上午看診、星期三上午看診、星期四上午看診、星期五上午看診、星期六上午看診、星期日上午休診、星期一下午看診、星期二下午看診、星期三下午看診、星期四下午看診、星期五下午看診、星期六下午看診、星期日下午休診、星期一晚上看診、星期二晚上看診、星期三晚上看診、星期四晚上看診、星期五晚上看診、星期六晚上休診、星期日晚上休診,
5945012890,達榮藥局,藥師自營,03 -8316020,花蓮縣花蓮市中福路194號,東區業務組,藥局,,,,星期一上午看診、星期二上午看診、星期三上午看診、星期四上午看診、星期五上午看診、星期六上午看診、星期日上午休診、星期一下午看診、星期二下午看診、星期三下午看診、星期四下午看診、星期五下午看診、星期六下午休診、星期日下午休診、星期一晚上看診、星期二晚上看診、星期三晚上看診、星期四晚上看診、星期五晚上看診、星期六晚上看診、星期日晚上看診,
5945012916,普德中西藥局,藥師自營,   -,,東區業務組,藥局,,,2017/06/08,,
5945012934,小甜甜藥局,藥師自營,03 -8355562,花蓮縣花蓮市林森路258－2號1樓,東區業務組,藥局,,,,星期一上午看診、星期二上午看診、星期三上午看診、星期四上午看診、星期五上午看診、星期六上午看診、星期日上午休診、星期一下午休診、星期二下午休診、星期三下午休診、星期四下午休診、星期五下午休診、星期六下午休診、星期日下午休診、星期一晚上休診、星期二晚上休診、星期三晚上休診、星期四晚上看診、星期五晚上休診、星期六晚上休診、星期日晚上休診,"星期一至星期六早上8:30~12:00,每星期四晚上6:00~8:00"
5945012943,北國泰藥局,藥師自營,   -,,東區業務組,藥局,,,2019/03/04,,
5945012952,柏陞藥局,藥師自營,   -,,東區業務組,藥局,,,2019/06/03,,
5945012961,杏家藥局,藥師自營,   -,,東區業務組,藥局,,,2017/02/09,,
5945012970,東大藥局,藥師自營,03 -8463231,花蓮縣花蓮市富吉路4號,東區業務組,藥局,,,,星期一上午看診、星期二上午看診、星期三上午看診、星期四上午看診、星期五上午看診、星期六上午看診、星期日上午看診、星期一下午看診、星期二下午看診、星期三下午看診、星期四下午看診、星期五下午看診、星期六下午看診、星期日下午看診、星期一晚上看診、星期二晚上看診、星期三晚上看診、星期四晚上看診、星期五晚上看診、星期六晚上看診、星期日晚上看診,
5945012989,衛生藥局,藥師自營,   -,,東區業務組,藥局,,,2017/12/07,,
5945012998,遠東藥局,藥師自營,   -,,東區業務組,藥局,,,2019/12/13,,
5945013002,杏家藥局,藥師自營,03 -8323367,花蓮縣花蓮市明禮路5號1樓,東區業務組,藥局,,,,星期一上午看診、星期二上午看診、星期三上午看診、星期四上午看診、星期五上午看診、星期六上午看診、星期日上午休診、星期一下午看診、星期二下午看診、星期三下午看診、星期四下午看診、星期五下午看診、星期六下午看診、星期日下午休診、星期一晚上看診、星期二晚上看診、星期三晚上看診、星期四晚上看診、星期五晚上看診、星期六晚上看診、星期日晚上休診,
5945013011,國泰藥局,藥師自營,03 -8530959,花蓮縣花蓮市中華路459－1號,東區業務組,藥局,,,,星期一上午看診、星期二上午看診、星期三上午看診、星期四上午看診、星期五上午看診、星期六上午看診、星期日上午看診、星期一下午看診、星期二下午看診、星期三下午看診、星期四下午看診、星期五下午看診、星期六下午看診、星期日下午看診、星期一晚上看診、星期二晚上看診、星期三晚上看診、星期四晚上看診、星期五晚上看診、星期六晚上看診、星期日晚上看診,
5945013020,衛生藥局,藥師自營,   -,,東區業務組,藥局,,,2018/07/02,,
5945013039,金喜藥局,藥師自營,03 -8466829,花蓮縣花蓮市中山路733號,東區業務組,藥局,,,,星期一上午看診、星期二上午看診、星期三上午看診、星期四上午看診、星期五上午看診、星期六上午看診、星期日上午看診、星期一下午看診、星期二下午看診、星期三下午看診、星期四下午看診、星期五下午看診、星期六下午看診、星期日下午休診、星期一晚上看診、星期二晚上看診、星期三晚上看診、星期四晚上看診、星期五晚上看診、星期六晚上看診、星期日晚上休診,
5945013048,幸福花蓮藥局,藥劑生自營,03 -8361412,花蓮縣花蓮市中正路179號,東區業務組,藥局,,,,星期一上午看診、星期二上午看診、星期三上午看診、星期四上午看診、星期五上午看診、星期六上午看診、星期日上午看診、星期一下午看診、星期二下午看診、星期三下午看診、星期四下午看診、星期五下午看診、星期六下午看診、星期日下午看診、星期一晚上看診、星期二晚上看診、星期三晚上看診、星期四晚上看診、星期五晚上看診、星期六晚上看診、星期日晚上看診,
5945013057,富強健康藥局,藥師自營,03 -8571839,花蓮縣花蓮市國裕里22鄰富強路128號,東區業務組,藥局,,,,星期一上午看診、星期二上午看診、星期三上午看診、星期四上午看診、星期五上午看診、星期六上午看診、星期日上午看診、星期一下午休診、星期二下午休診、星期三下午休診、星期四下午休診、星期五下午休診、星期六下午休診、星期日下午休診、星期一晚上看診、星期二晚上看診、星期三晚上看診、星期四晚上看診、星期五晚上看診、星期六晚上看診、星期日晚上看診,
5945013066,藍天藥局,藥師自營,03 -8328152,花蓮縣花蓮市林森路421號,東區業務組,藥局,,,,星期一上午看診、星期二上午看診、星期三上午看診、星期四上午看診、星期五上午看診、星期六上午看診、星期日上午看診、星期一下午看診、星期二下午看診、星期三下午看診、星期四下午看診、星期五下午看診、星期六下午休診、星期日下午看診、星期一晚上看診、星期二晚上看診、星期三晚上看診、星期四晚上看診、星期五晚上看診、星期六晚上看診、星期日晚上看診,國定假日照常營業，星期六下午休息。
5945013075,衛生藥局,藥師自營,   -,,東區業務組,藥局,,,2018/11/14,,
5945013084,中正藥局,藥劑生自營,03 -8346990,花蓮縣花蓮市中正路298號,東區業務組,藥局,,,,星期一上午看診、星期二上午看診、星期三上午看診、星期四上午看診、星期五上午看診、星期六上午看診、星期日上午休診、星期一下午休診、星期二下午休診、星期三下午休診、星期四下午休診、星期五下午休診、星期六下午休診、星期日下午休診、星期一晚上看診、星期二晚上看診、星期三晚上看診、星期四晚上看診、星期五晚上看診、星期六晚上休診、星期日晚上休診,
5945013100,華安藥局,藥師自營,03 -8222013,花蓮縣花蓮市中美路77－1號,東區業務組,藥局,,,,星期一上午看診、星期二上午看診、星期三上午看診、星期四上午看診、星期五上午看診、星期六上午看診、星期日上午休診、星期一下午看診、星期二下午看診、星期三下午看診、星期四下午看診、星期五下午看診、星期六下午休診、星期日下午休診、星期一晚上看診、星期二晚上看診、星期三晚上看診、星期四晚上看診、星期五晚上看診、星期六晚上休診、星期日晚上看診,
5945013119,北國泰藥局,藥師自營,03 -8236256,花蓮縣花蓮市府前路578號,東區業務組,藥局,,,,星期一上午看診、星期二上午看診、星期三上午看診、星期四上午看診、星期五上午看診、星期六上午看診、星期日上午看診、星期一下午看診、星期二下午看診、星期三下午看診、星期四下午看診、星期五下午看診、星期六下午看診、星期日下午看診、星期一晚上看診、星期二晚上看診、星期三晚上看診、星期四晚上看診、星期五晚上看診、星期六晚上看診、星期日晚上看診,本藥局全年無休(例假日照常服務)
5945013128,佑全花蓮中山藥局,藥師自營,03 -8360199,花蓮縣花蓮市中山路326號1、2樓,東區業務組,藥局,,,,星期一上午看診、星期二上午看診、星期三上午看診、星期四上午看診、星期五上午看診、星期六上午看診、星期日上午看診、星期一下午看診、星期二下午看診、星期三下午看診、星期四下午看診、星期五下午看診、星期六下午看診、星期日下午看診、星期一晚上看診、星期二晚上看診、星期三晚上看診、星期四晚上看診、星期五晚上看診、星期六晚上看診、星期日晚上看診,上午：9-5，下午晚上：1-9
5945013137,柏陞藥局,藥師自營,03 -8315339,花蓮縣花蓮市和平路498號,東區業務組,藥局,,,,星期一上午看診、星期二上午看診、星期三上午看診、星期四上午看診、星期五上午看診、星期六上午看診、星期日上午休診、星期一下午看診、星期二下午看診、星期三下午看診、星期四下午看診、星期五下午看診、星期六下午休診、星期日下午休診、星期一晚上看診、星期二晚上看診、星期三晚上看診、星期四晚上看診、星期五晚上看診、星期六晚上休診、星期日晚上休診,
5945013146,佳成藥局,藥師自營,03 -8336171,花蓮縣花蓮市中美路63－2號,東區業務組,藥局,,,,星期一上午看診、星期二上午看診、星期三上午看診、星期四上午看診、星期五上午看診、星期六上午看診、星期日上午休診、星期一下午看診、星期二下午看診、星期三下午看診、星期四下午看診、星期五下午看診、星期六下午休診、星期日下午休診、星期一晚上看診、星期二晚上看診、星期三晚上看診、星期四晚上看診、星期五晚上看診、星期六晚上休診、星期日晚上休診,早上8:30-12，下午晚上4:30-9點
5945013155,遠東藥局,藥師自營,03 -8350019,花蓮縣花蓮市國聯三路28號1樓,東區業務組,藥局,,,,星期一上午看診、星期二上午看診、星期三上午看診、星期四上午看診、星期五上午看診、星期六上午看診、星期日上午看診、星期一下午看診、星期二下午看診、星期三下午看診、星期四下午看診、星期五下午看診、星期六下午看診、星期日下午看診、星期一晚上看診、星期二晚上看診、星期三晚上看診、星期四晚上看診、星期五晚上看診、星期六晚上看診、星期日晚上看診,營業時間10:00-21:00
5945021040,人和藥局,藥劑生自營,03 -8762712,花蓮縣鳳林鎮中正路200號,東區業務組,藥局,,,,星期一上午看診、星期二上午看診、星期三上午看診、星期四上午看診、星期五上午看診、星期六上午看診、星期日上午看診、星期一下午看診、星期二下午看診、星期三下午看診、星期四下午看診、星期五下午看診、星期六下午看診、星期日下午休診、星期一晚上看診、星期二晚上看診、星期三晚上看診、星期四晚上看診、星期五晚上看診、星期六晚上看診、星期日晚上休診,服務時段：早上8點-晚上8/:30
5945021059,家恩藥局,藥師自營,03 -8760469,花蓮縣鳳林鎮中和路200號之1,東區業務組,藥局,,,,星期一上午看診、星期二上午看診、星期三上午看診、星期四上午看診、星期五上午看診、星期六上午休診、星期日上午休診、星期一下午看診、星期二下午看診、星期三下午看診、星期四下午看診、星期五下午看診、星期六下午休診、星期日下午休診、星期一晚上休診、星期二晚上休診、星期三晚上休診、星期四晚上休診、星期五晚上休診、星期六晚上休診、星期日晚上休診,休業至4/8
5945021086,安康鳳林藥局,藥師自營,03 -8762227,花蓮縣鳳林鎮仁愛街10號1樓,東區業務組,藥局,,,,星期一上午看診、星期二上午看診、星期三上午看診、星期四上午看診、星期五上午看診、星期六上午看診、星期日上午看診、星期一下午看診、星期二下午看診、星期三下午看診、星期四下午看診、星期五下午看診、星期六下午看診、星期日下午看診、星期一晚上看診、星期二晚上看診、星期三晚上看診、星期四晚上看診、星期五晚上看診、星期六晚上看診、星期日晚上看診,服務時段：早上8點到晚上7點
5945030076,仁仁藥局,藥師自營,03 -8886566,花蓮縣玉里鎮光復路152號,東區業務組,藥局,,,,星期一上午看診、星期二上午看診、星期三上午看診、星期四上午看診、星期五上午看診、星期六上午看診、星期日上午休診、星期一下午看診、星期二下午看診、星期三下午看診、星期四下午看診、星期五下午看診、星期六下午休診、星期日下午休診、星期一晚上看診、星期二晚上看診、星期三晚上看診、星期四晚上看診、星期五晚上看診、星期六晚上休診、星期日晚上休診,晚上到7:00
5945030094,德興藥局,藥師自營,03 -8889408,花蓮縣玉里鎮國武里中山路2段58號,東區業務組,藥局,,,,星期一上午看診、星期二上午看診、星期三上午看診、星期四上午看診、星期五上午看診、星期六上午看診、星期日上午看診、星期一下午看診、星期二下午看診、星期三下午看診、星期四下午看診、星期五下午看診、星期六下午看診、星期日下午看診、星期一晚上看診、星期二晚上看診、星期三晚上看診、星期四晚上看診、星期五晚上看診、星期六晚上看診、星期日晚上看診,"營業時間,視情況偶有調整"
5945031199,仁德藥局,藥師自營,03 -8882333,花蓮縣玉里鎮中華路140號,東區業務組,藥局,,,,星期一上午看診、星期二上午看診、星期三上午看診、星期四上午看診、星期五上午看診、星期六上午看診、星期日上午休診、星期一下午看診、星期二下午看診、星期三下午看診、星期四下午看診、星期五下午看診、星期六下午看診、星期日下午休診、星期一晚上看診、星期二晚上看診、星期三晚上看診、星期四晚上看診、星期五晚上看診、星期六晚上看診、星期日晚上休診,
5945031224,東玉藥局,藥師自營,03 -8884617,花蓮縣玉里鎮大同路45－2號,東區業務組,藥局,,,,星期一上午看診、星期二上午看診、星期三上午看診、星期四上午看診、星期五上午看診、星期六上午看診、星期日上午休診、星期一下午看診、星期二下午看診、星期三下午看診、星期四下午看診、星期五下午看診、星期六下午看診、星期日下午休診、星期一晚上看診、星期二晚上看診、星期三晚上看診、星期四晚上看診、星期五晚上看診、星期六晚上看診、星期日晚上休診,服務時段：早上8:30-晚上8:30
5945031260,里安藥局,藥師自營,038-883737,花蓮縣玉里鎮復興街30號,東區業務組,藥局,,,,星期一上午看診、星期二上午看診、星期三上午看診、星期四上午看診、星期五上午看診、星期六上午看診、星期日上午看診、星期一下午看診、星期二下午看診、星期三下午看診、星期四下午看診、星期五下午看診、星期六下午休診、星期日下午休診、星期一晚上看診、星期二晚上看診、星期三晚上看診、星期四晚上看診、星期五晚上看診、星期六晚上看診、星期日晚上休診,星期日及國訂假日門診至上午11:30
5945031279,錦玉藥局,藥師自營,03 -8880648,花蓮縣玉里鎮民生街44巷31號,東區業務組,藥局,,,,星期一上午看診、星期二上午看診、星期三上午看診、星期四上午看診、星期五上午休診、星期六上午看診、星期日上午休診、星期一下午休診、星期二下午休診、星期三下午休診、星期四下午休診、星期五下午休診、星期六下午休診、星期日下午休診、星期一晚上看診、星期二晚上看診、星期三晚上看診、星期四晚上看診、星期五晚上休診、星期六晚上休診、星期日晚上休診,服務時段：早上8-12，晚上5-9
5945031288,全聯花蓮玉里藥局,藥師自營,   -,,東區業務組,藥局,,,2019/05/21,,
5945031297,莊藥局,藥師自營,03 -8882328,花蓮縣玉里鎮中城里27鄰成功街95號,東區業務組,藥局,,,,星期一上午看診、星期二上午看診、星期三上午看診、星期四上午看診、星期五上午看診、星期六上午看診、星期日上午休診、星期一下午看診、星期二下午看診、星期三下午看診、星期四下午看診、星期五下午看診、星期六下午看診、星期日下午休診、星期一晚上看診、星期二晚上看診、星期三晚上看診、星期四晚上看診、星期五晚上看診、星期六晚上看診、星期日晚上休診,
5945040036,黃藥局,藥師自營,03 -8267211,花蓮縣新城鄉北埔村北埔路203號,東區業務組,藥局,,,,星期一上午看診、星期二上午看診、星期三上午看診、星期四上午看診、星期五上午看診、星期六上午看診、星期日上午看診、星期一下午看診、星期二下午看診、星期三下午看診、星期四下午看診、星期五下午看診、星期六下午看診、星期日下午看診、星期一晚上看診、星期二晚上看診、星期三晚上看診、星期四晚上看診、星期五晚上看診、星期六晚上看診、星期日晚上看診,服務時段：早上8-12；下午2-9
5945041051,麗康藥局,藥師自營,03 -8262836,花蓮縣新城鄉北埔路127號,東區業務組,藥局,,,,星期一上午看診、星期二上午看診、星期三上午看診、星期四上午看診、星期五上午看診、星期六上午看診、星期日上午休診、星期一下午看診、星期二下午看診、星期三下午看診、星期四下午看診、星期五下午看診、星期六下午休診、星期日下午休診、星期一晚上休診、星期二晚上休診、星期三晚上休診、星期四晚上休診、星期五晚上休診、星期六晚上休診、星期日晚上休診,服務時間：上午8-12；下午1:30-5:00
5945041060,佳安藥局,藥劑生自營,03 -8261608,花蓮縣新城鄉北埔村北埔路50號,東區業務組,藥局,,,,星期一上午看診、星期二上午看診、星期三上午看診、星期四上午看診、星期五上午看診、星期六上午看診、星期日上午看診、星期一下午看診、星期二下午看診、星期三下午看診、星期四下午看診、星期五下午看診、星期六下午休診、星期日下午休診、星期一晚上看診、星期二晚上看診、星期三晚上看診、星期四晚上看診、星期五晚上看診、星期六晚上休診、星期日晚上休診,
5945050069,富一藥局,藥師自營,03 -8531432,花蓮縣吉安鄉宜昌村中華路2段201號,東區業務組,藥局,,,,星期一上午看診、星期二上午看診、星期三上午看診、星期四上午看診、星期五上午看診、星期六上午看診、星期日上午休診、星期一下午看診、星期二下午看診、星期三下午看診、星期四下午看診、星期五下午看診、星期六下午看診、星期日下午休診、星期一晚上看診、星期二晚上看診、星期三晚上看診、星期四晚上看診、星期五晚上看診、星期六晚上看診、星期日晚上休診,
5945050176,永和藥局,藥師自營,03 -8573247,花蓮縣吉安鄉北昌村建國路1段145號,東區業務組,藥局,,,,星期一上午看診、星期二上午看診、星期三上午看診、星期四上午看診、星期五上午看診、星期六上午看診、星期日上午休診、星期一下午看診、星期二下午看診、星期三下午看診、星期四下午看診、星期五下午看診、星期六下午看診、星期日下午休診、星期一晚上看診、星期二晚上看診、星期三晚上看診、星期四晚上看診、星期五晚上看診、星期六晚上看診、星期日晚上看診,
5945051208,祥安藥局,藥劑生自營,03 -8549719,花蓮縣吉安鄉南昌村吉興路1段89號,東區業務組,藥局,,,,星期一上午看診、星期二上午看診、星期三上午看診、星期四上午看診、星期五上午看診、星期六上午看診、星期日上午休診、星期一下午看診、星期二下午看診、星期三下午看診、星期四下午看診、星期五下午看診、星期六下午看診、星期日下午休診、星期一晚上看診、星期二晚上看診、星期三晚上看診、星期四晚上看診、星期五晚上看診、星期六晚上看診、星期日晚上休診,除夕-初三休息
5945051226,仁里藥局,藥師自營,03 -8512569,花蓮縣吉安鄉中正路1段163號,東區業務組,藥局,,,,星期一上午看診、星期二上午看診、星期三上午看診、星期四上午看診、星期五上午看診、星期六上午看診、星期日上午休診、星期一下午看診、星期二下午看診、星期三下午看診、星期四下午看診、星期五下午看診、星期六下午休診、星期日下午休診、星期一晚上看診、星期二晚上看診、星期三晚上看診、星期四晚上看診、星期五晚上看診、星期六晚上休診、星期日晚上休診,營業時間早上9點至晚上9點30，週六營業至1點，每月二、四週(即大禮拜)的週六休息。
5945051271,小叮噹藥局,藥師自營,03 -8576886,花蓮縣吉安鄉建國路1段63號1樓,東區業務組,藥局,,,,星期一上午看診、星期二上午看診、星期三上午看診、星期四上午看診、星期五上午看診、星期六上午看診、星期日上午休診、星期一下午看診、星期二下午看診、星期三下午看診、星期四下午看診、星期五下午看診、星期六下午看診、星期日下午休診、星期一晚上看診、星期二晚上看診、星期三晚上看診、星期四晚上看診、星期五晚上看診、星期六晚上休診、星期日晚上休診,"早上8:30~12:00,下午4:00~6:30,晚上7:00~10:00"
5945051388,荃安藥局,藥師自營,03 -8579317,花蓮縣吉安鄉建國路二段277－1號,東區業務組,藥局,,,,星期一上午看診、星期二上午看診、星期三上午看診、星期四上午看診、星期五上午看診、星期六上午看診、星期日上午休診、星期一下午看診、星期二下午看診、星期三下午看診、星期四下午看診、星期五下午看診、星期六下午看診、星期日下午休診、星期一晚上看診、星期二晚上看診、星期三晚上看診、星期四晚上看診、星期五晚上看診、星期六晚上看診、星期日晚上休診,
5945051413,永安藥局,藥劑生自營,03 -8547952,花蓮縣吉安鄉吉安路2段134號,東區業務組,藥局,,,,星期一上午看診、星期二上午看診、星期三上午看診、星期四上午看診、星期五上午看診、星期六上午休診、星期日上午休診、星期一下午看診、星期二下午看診、星期三下午看診、星期四下午看診、星期五下午看診、星期六下午休診、星期日下午休診、星期一晚上休診、星期二晚上休診、星期三晚上休診、星期四晚上休診、星期五晚上休診、星期六晚上休診、星期日晚上休診,
5945051422,甜膠囊藥局,藥師自營,03 -8460699,花蓮縣吉安鄉建國路二段223之1號,東區業務組,藥局,,,,星期一上午看診、星期二上午看診、星期三上午看診、星期四上午看診、星期五上午看診、星期六上午看診、星期日上午休診、星期一下午休診、星期二下午休診、星期三下午休診、星期四下午休診、星期五下午休診、星期六下午休診、星期日下午休診、星期一晚上看診、星期二晚上看診、星期三晚上看診、星期四晚上看診、星期五晚上看診、星期六晚上休診、星期日晚上休診,
5945051520,洄瀾藥局,藥師自營,03 -8525217,花蓮縣吉安鄉中山路三段279號,東區業務組,藥局,,,,星期一上午看診、星期二上午看診、星期三上午看診、星期四上午看診、星期五上午看診、星期六上午看診、星期日上午休診、星期一下午看診、星期二下午看診、星期三下午休診、星期四下午看診、星期五下午看診、星期六下午休診、星期日下午休診、星期一晚上看診、星期二晚上看診、星期三晚上休診、星期四晚上看診、星期五晚上看診、星期六晚上休診、星期日晚上休診,上班時間上午8:00-12:00;下午4:00-6:00;晚上7:00-9:00
5945051539,和安藥局,藥師自營,03 -8570032,花蓮縣吉安鄉永安村吉安路一段32號,東區業務組,藥局,,,,星期一上午看診、星期二上午看診、星期三上午看診、星期四上午看診、星期五上午看診、星期六上午看診、星期日上午休診、星期一下午休診、星期二下午休診、星期三下午休診、星期四下午休診、星期五下午休診、星期六下午休診、星期日下午休診、星期一晚上看診、星期二晚上看診、星期三晚上休診、星期四晚上看診、星期五晚上看診、星期六晚上休診、星期日晚上休診,上午8~12點; 下午4:30~8:00
5945051548,仁愛藥局,藥師自營,   -,,東區業務組,藥局,,,2017/01/05,,
5945051557,安康藥局,藥師自營,   -,,東區業務組,藥局,,,2017/06/01,,
5945051575,宜康藥局,藥師自營,03 -8512980,花蓮縣吉安鄉中華路二段134號,東區業務組,藥局,,,,星期一上午看診、星期二上午看診、星期三上午看診、星期四上午看診、星期五上午看診、星期六上午看診、星期日上午休診、星期一下午休診、星期二下午休診、星期三下午休診、星期四下午休診、星期五下午休診、星期六下午休診、星期日下午休診、星期一晚上看診、星期二晚上看診、星期三晚上看診、星期四晚上看診、星期五晚上看診、星期六晚上休診、星期日晚上休診,國定假日休診
5945051584,安欣藥局,藥劑生自營,03 -8563186,花蓮縣吉安鄉建國路一段79號,東區業務組,藥局,,,,星期一上午看診、星期二上午看診、星期三上午看診、星期四上午看診、星期五上午看診、星期六上午看診、星期日上午休診、星期一下午看診、星期二下午看診、星期三下午看診、星期四下午看診、星期五下午看診、星期六下午看診、星期日下午看診、星期一晚上看診、星期二晚上看診、星期三晚上看診、星期四晚上看診、星期五晚上看診、星期六晚上看診、星期日晚上看診,
5945051593,明德藥局,藥師自營,03 -8513102,花蓮縣吉安鄉中山路二段171號,東區業務組,藥局,,,,星期一上午看診、星期二上午看診、星期三上午看診、星期四上午看診、星期五上午看診、星期六上午看診、星期日上午休診、星期一下午休診、星期二下午休診、星期三下午休診、星期四下午休診、星期五下午休診、星期六下午休診、星期日下午休診、星期一晚上看診、星期二晚上看診、星期三晚上看診、星期四晚上看診、星期五晚上看診、星期六晚上休診、星期日晚上休診,
5945051600,宜美藥局,藥劑生自營,   -,,東區業務組,藥局,,,2020/01/01,,
5945051619,仁愛藥局,藥師自營,03 -8511635,花蓮縣吉安鄉慶豐村中山路三段280號,東區業務組,藥局,,,,星期一上午看診、星期二上午看診、星期三上午看診、星期四上午看診、星期五上午看診、星期六上午看診、星期日上午休診、星期一下午看診、星期二下午看診、星期三下午看診、星期四下午看診、星期五下午看診、星期六下午看診、星期日下午休診、星期一晚上看診、星期二晚上看診、星期三晚上看診、星期四晚上看診、星期五晚上看診、星期六晚上看診、星期日晚上休診,
5945051637,安康藥局,藥師自營,   -,,東區業務組,藥局,,,2017/10/13,,
5945051646,花蓮建國藥局,藥師自營,03 -8461699,花蓮縣吉安鄉建國路1段137－1號,東區業務組,藥局,,,,星期一上午看診、星期二上午看診、星期三上午看診、星期四上午看診、星期五上午看診、星期六上午看診、星期日上午看診、星期一下午看診、星期二下午看診、星期三下午看診、星期四下午看診、星期五下午看診、星期六下午看診、星期日下午看診、星期一晚上看診、星期二晚上看診、星期三晚上看診、星期四晚上看診、星期五晚上看診、星期六晚上看診、星期日晚上看診,
5945051655,安康藥局,藥師自營,   -,,東區業務組,藥局,,,2018/04/20,,
5945051664,吉安丁丁藥局,藥師自營,03 -8536772,花蓮縣吉安鄉中華路二段11號,東區業務組,藥局,,,,星期一上午看診、星期二上午看診、星期三上午看診、星期四上午看診、星期五上午看診、星期六上午看診、星期日上午看診、星期一下午看診、星期二下午看診、星期三下午看診、星期四下午看診、星期五下午看診、星期六下午看診、星期日下午看診、星期一晚上看診、星期二晚上看診、星期三晚上看診、星期四晚上看診、星期五晚上看診、星期六晚上看診、星期日晚上看診,每日：上午9時~晚上10:45時
5945051673,上善藥局,藥師自營,03 -8535618,花蓮縣吉安鄉吉安路二段39號,東區業務組,藥局,,,,星期一上午看診、星期二上午看診、星期三上午看診、星期四上午看診、星期五上午看診、星期六上午看診、星期日上午休診、星期一下午看診、星期二下午看診、星期三下午看診、星期四下午看診、星期五下午看診、星期六下午看診、星期日下午休診、星期一晚上看診、星期二晚上看診、星期三晚上看診、星期四晚上看診、星期五晚上看診、星期六晚上看診、星期日晚上休診,
5945051682,聖悅藥局,藥師自營,03 -8526532,花蓮縣吉安鄉中正路一段2號,東區業務組,藥局,,,,星期一上午看診、星期二上午看診、星期三上午看診、星期四上午看診、星期五上午看診、星期六上午看診、星期日上午休診、星期一下午看診、星期二下午看診、星期三下午看診、星期四下午看診、星期五下午看診、星期六下午休診、星期日下午休診、星期一晚上看診、星期二晚上看診、星期三晚上看診、星期四晚上看診、星期五晚上看診、星期六晚上休診、星期日晚上休診,W1-5為8:30-12及2pm-9pm、W6為8:30-12。
5945051691,安康藥局,藥師自營,03 -513951,花蓮縣吉安鄉中山路三段384號,東區業務組,藥局,,,,星期一上午看診、星期二上午看診、星期三上午看診、星期四上午看診、星期五上午看診、星期六上午看診、星期日上午休診、星期一下午看診、星期二下午看診、星期三下午看診、星期四下午看診、星期五下午看診、星期六下午看診、星期日下午休診、星期一晚上看診、星期二晚上看診、星期三晚上看診、星期四晚上看診、星期五晚上看診、星期六晚上休診、星期日晚上看診,
5945051708,全聯花蓮慶豐藥局,藥師自營,   -,,東區業務組,藥局,,,2019/04/30,,
5945051717,宜美藥局,藥劑生自營,03 -8524680,花蓮縣吉安鄉中山路2段1號,東區業務組,藥局,,,,星期一上午看診、星期二上午看診、星期三上午看診、星期四上午看診、星期五上午看診、星期六上午看診、星期日上午休診、星期一下午看診、星期二下午看診、星期三下午休診、星期四下午看診、星期五下午看診、星期六下午休診、星期日下午休診、星期一晚上看診、星期二晚上看診、星期三晚上休診、星期四晚上看診、星期五晚上看診、星期六晚上休診、星期日晚上休診,
5945061106,志成藥局,藥劑生自營,03 -8661303,花蓮縣壽豐鄉志學村中正路37號,東區業務組,藥局,,,,星期一上午看診、星期二上午看診、星期三上午看診、星期四上午看診、星期五上午看診、星期六上午看診、星期日上午看診、星期一下午看診、星期二下午看診、星期三下午看診、星期四下午看診、星期五下午看診、星期六下午看診、星期日下午看診、星期一晚上看診、星期二晚上看診、星期三晚上看診、星期四晚上看診、星期五晚上看診、星期六晚上看診、星期日晚上看診,全年無休
5945061142,壽豐藥局,藥師自營,   -,,東區業務組,藥局,,,2017/08/03,,
5945061160,禾豐藥局,藥劑生自營,   -,,東區業務組,藥局,,,2018/02/27,,
5945061179,東崋藥局,藥師自營,03 -8662255,花蓮縣壽豐鄉志學村中山路3段20號,東區業務組,藥局,,,,星期一上午看診、星期二上午看診、星期三上午看診、星期四上午看診、星期五上午看診、星期六上午看診、星期日上午看診、星期一下午看診、星期二下午看診、星期三下午看診、星期四下午看診、星期五下午看診、星期六下午看診、星期日下午看診、星期一晚上看診、星期二晚上看診、星期三晚上看診、星期四晚上看診、星期五晚上看診、星期六晚上看診、星期日晚上看診,每日服務時間：9AM~10PM
5945061188,壽豐藥局,藥師自營,03 -8650872,花蓮縣壽豐鄉壽豐路二段74號,東區業務組,藥局,,,,星期一上午看診、星期二上午看診、星期三上午看診、星期四上午看診、星期五上午看診、星期六上午休診、星期日上午看診、星期一下午看診、星期二下午看診、星期三下午看診、星期四下午看診、星期五下午看診、星期六下午休診、星期日下午看診、星期一晚上看診、星期二晚上看診、星期三晚上看診、星期四晚上看診、星期五晚上看診、星期六晚上休診、星期日晚上看診,W1-5：7-11am、3-8pm，W日:7-8pm。
5945061197,禾豐藥局,藥師自營,03 -8652068,花蓮縣壽豐鄉豐山村中山路237號,東區業務組,藥局,,,,星期一上午看診、星期二上午看診、星期三上午看診、星期四上午看診、星期五上午看診、星期六上午看診、星期日上午休診、星期一下午看診、星期二下午看診、星期三下午看診、星期四下午看診、星期五下午看診、星期六下午休診、星期日下午休診、星期一晚上看診、星期二晚上看診、星期三晚上看診、星期四晚上看診、星期五晚上看診、星期六晚上休診、星期日晚上休診,W1-5：8-12am、3-7pm，W6：8-12am。
5945061204,益昌藥局,藥劑生自營,03 -8653718,花蓮縣壽豐鄉壽豐村中山路5段113號,東區業務組,藥局,,,,星期一上午看診、星期二上午看診、星期三上午看診、星期四上午看診、星期五上午看診、星期六上午看診、星期日上午休診、星期一下午看診、星期二下午看診、星期三下午看診、星期四下午看診、星期五下午看診、星期六下午休診、星期日下午休診、星期一晚上休診、星期二晚上休診、星期三晚上休診、星期四晚上休診、星期五晚上休診、星期六晚上休診、星期日晚上休診,"w1-5：0830-1200, 2-7pm、W6：0830-1200。"
5945070516,平安藥局,藥師自營,03 -8700765,花蓮縣光復鄉光華里忠孝路98號,東區業務組,藥局,,,,星期一上午看診、星期二上午看診、星期三上午看診、星期四上午看診、星期五上午看診、星期六上午看診、星期日上午休診、星期一下午看診、星期二下午看診、星期三下午看診、星期四下午看診、星期五下午看診、星期六下午休診、星期日下午休診、星期一晚上看診、星期二晚上看診、星期三晚上看診、星期四晚上看診、星期五晚上看診、星期六晚上休診、星期日晚上休診,"服務時間：上午0730-1130, 下午1400-1830, 晚上1900-2000。"
5945070534,菩濟藥局,藥師自營,03 -8705968,花蓮縣光復鄉敦厚路6號,東區業務組,藥局,,,,星期一上午看診、星期二上午看診、星期三上午看診、星期四上午看診、星期五上午看診、星期六上午看診、星期日上午休診、星期一下午看診、星期二下午看診、星期三下午看診、星期四下午看診、星期五下午看診、星期六下午看診、星期日下午休診、星期一晚上看診、星期二晚上看診、星期三晚上看診、星期四晚上看診、星期五晚上看診、星期六晚上看診、星期日晚上休診,"服務時間：0740-1730, 1900-2130。"
5945070561,合康藥局,藥師自營,03 -8700306,花蓮縣光復鄉中正路一段85號1樓,東區業務組,藥局,,,,星期一上午看診、星期二上午看診、星期三上午看診、星期四上午看診、星期五上午看診、星期六上午看診、星期日上午休診、星期一下午看診、星期二下午看診、星期三下午看診、星期四下午看診、星期五下午看診、星期六下午看診、星期日下午休診、星期一晚上看診、星期二晚上看診、星期三晚上看診、星期四晚上看診、星期五晚上看診、星期六晚上看診、星期日晚上休診,
5945070589,快樂藥局,藥劑生自營,03 -8700668,花蓮縣光復鄉中正路一段59號,東區業務組,藥局,,,,星期一上午看診、星期二上午看診、星期三上午看診、星期四上午看診、星期五上午看診、星期六上午看診、星期日上午休診、星期一下午看診、星期二下午看診、星期三下午看診、星期四下午看診、星期五下午看診、星期六下午休診、星期日下午休診、星期一晚上看診、星期二晚上看診、星期三晚上看診、星期四晚上看診、星期五晚上看診、星期六晚上休診、星期日晚上休診,
5945070598,全聯花蓮光復藥局,藥師自營,   -,,東區業務組,藥局,,,2019/01/31,,
5945070605,全聯花蓮光復藥局,藥劑生自營,   -,,東區業務組,藥局,,,2019/04/30,,
5945091088,立健藥局,藥師自營,03 -8870184,花蓮縣瑞穗鄉中華路92號,東區業務組,藥局,,,,星期一上午看診、星期二上午看診、星期三上午看診、星期四上午看診、星期五上午看診、星期六上午看診、星期日上午休診、星期一下午看診、星期二下午看診、星期三下午看診、星期四下午看診、星期五下午看診、星期六下午看診、星期日下午休診、星期一晚上看診、星期二晚上看診、星期三晚上看診、星期四晚上看診、星期五晚上看診、星期六晚上看診、星期日晚上休診,服務時間：07:30-22:00。
5945091104,瑞華藥局,藥師自營,   -,,東區業務組,藥局,,,2017/12/11,,
5945091113,瑞安藥局,藥劑生自營,03 -8876616,花蓮縣瑞穗鄉中山路1段6號,東區業務組,藥局,,,,星期一上午看診、星期二上午看診、星期三上午看診、星期四上午看診、星期五上午看診、星期六上午看診、星期日上午看診、星期一下午看診、星期二下午看診、星期三下午看診、星期四下午看診、星期五下午看診、星期六下午看診、星期日下午看診、星期一晚上看診、星期二晚上看診、星期三晚上看診、星期四晚上看診、星期五晚上看診、星期六晚上看診、星期日晚上看診,
5945091122,全聯花蓮瑞穗藥局,藥師自營,   -,,東區業務組,藥局,,,2019/04/30,,
5946010194,陳藥局,藥師自營,089-310659,台東縣台東市光明路143號,東區業務組,藥局,,,,星期一上午看診、星期二上午看診、星期三上午看診、星期四上午看診、星期五上午看診、星期六上午看診、星期日上午休診、星期一下午看診、星期二下午看診、星期三下午看診、星期四下午看診、星期五下午看診、星期六下午看診、星期日下午休診、星期一晚上看診、星期二晚上看診、星期三晚上看診、星期四晚上看診、星期五晚上看診、星期六晚上休診、星期日晚上休診,
5946010201,大長春藥局,藥師自營,089-322466,台東縣台東市中山路353號,東區業務組,藥局,,,,星期一上午看診、星期二上午看診、星期三上午看診、星期四上午看診、星期五上午看診、星期六上午看診、星期日上午休診、星期一下午看診、星期二下午看診、星期三下午看診、星期四下午看診、星期五下午看診、星期六下午休診、星期日下午休診、星期一晚上看診、星期二晚上看診、星期三晚上看診、星期四晚上看診、星期五晚上看診、星期六晚上休診、星期日晚上休診,
5946010229,晃成藥局,藥師自營,089-336981,台東縣台東市更生路494號,東區業務組,藥局,,,,星期一上午看診、星期二上午看診、星期三上午看診、星期四上午看診、星期五上午看診、星期六上午看診、星期日上午看診、星期一下午看診、星期二下午看診、星期三下午看診、星期四下午看診、星期五下午看診、星期六下午看診、星期日下午看診、星期一晚上看診、星期二晚上看診、星期三晚上看診、星期四晚上看診、星期五晚上看診、星期六晚上看診、星期日晚上看診,服務時間：早上8時~晚上10:30。全年無休，有店休會提前公告
5946010256,健康大藥局,藥師自營,089-347049,950台東市新生路489號,東區業務組,藥局,,,,星期一上午看診、星期二上午看診、星期三上午看診、星期四上午看診、星期五上午看診、星期六上午看診、星期日上午休診、星期一下午看診、星期二下午看診、星期三下午看診、星期四下午看診、星期五下午看診、星期六下午看診、星期日下午休診、星期一晚上看診、星期二晚上看診、星期三晚上看診、星期四晚上看診、星期五晚上看診、星期六晚上看診、星期日晚上休診,
5946010265,華英藥局,藥劑生自營,   -,,東區業務組,藥局,,,2018/02/14,,
5946011459,賀順藥局,藥師自營,089-345223,台東縣台東市更生路56號,東區業務組,藥局,,,,星期一上午看診、星期二上午看診、星期三上午看診、星期四上午看診、星期五上午看診、星期六上午看診、星期日上午休診、星期一下午看診、星期二下午看診、星期三下午看診、星期四下午看診、星期五下午看診、星期六下午休診、星期日下午休診、星期一晚上看診、星期二晚上看診、星期三晚上看診、星期四晚上看診、星期五晚上看診、星期六晚上休診、星期日晚上看診,"服務時間：0830-1200, 1430-1730, 1900-2100."
5946011477,杏林藥局,藥劑生自營,089-328674,台東縣台東市中正里光明路126號,東區業務組,藥局,,,,星期一上午看診、星期二上午看診、星期三上午看診、星期四上午看診、星期五上午看診、星期六上午看診、星期日上午休診、星期一下午看診、星期二下午看診、星期三下午看診、星期四下午看診、星期五下午看診、星期六下午看診、星期日下午休診、星期一晚上看診、星期二晚上看診、星期三晚上看診、星期四晚上看診、星期五晚上看診、星期六晚上看診、星期日晚上休診,
5946011486,大東藥局,藥師自營,089-349747,台東縣台東市中山路238號,東區業務組,藥局,,,,星期一上午看診、星期二上午看診、星期三上午看診、星期四上午看診、星期五上午看診、星期六上午看診、星期日上午休診、星期一下午看診、星期二下午看診、星期三下午看診、星期四下午看診、星期五下午看診、星期六下午休診、星期日下午休診、星期一晚上看診、星期二晚上看診、星期三晚上看診、星期四晚上看診、星期五晚上看診、星期六晚上休診、星期日晚上休診,
5946011502,欣華藥局,藥師自營,   -,,東區業務組,藥局,,,2017/07/04,,
5946011566,正德藥局,藥師自營,089-334181,台東縣台東市更生路199號2樓,東區業務組,藥局,,,,星期一上午看診、星期二上午看診、星期三上午看診、星期四上午看診、星期五上午看診、星期六上午看診、星期日上午休診、星期一下午看診、星期二下午看診、星期三下午看診、星期四下午看診、星期五下午看診、星期六下午休診、星期日下午休診、星期一晚上看診、星期二晚上看診、星期三晚上看診、星期四晚上看診、星期五晚上看診、星期六晚上休診、星期日晚上休診,
5946011593,松泰藥師藥局,藥師自營,089-334845,台東縣台東市中華路1段242號,東區業務組,藥局,,,,星期一上午看診、星期二上午看診、星期三上午看診、星期四上午看診、星期五上午看診、星期六上午看診、星期日上午休診、星期一下午看診、星期二下午看診、星期三下午看診、星期四下午看診、星期五下午看診、星期六下午看診、星期日下午休診、星期一晚上看診、星期二晚上看診、星期三晚上看診、星期四晚上看診、星期五晚上看診、星期六晚上看診、星期日晚上休診,
5946011673,大華藥局,藥師自營,089-326128,台東縣台東市中華路一段398號,東區業務組,藥局,,,,星期一上午看診、星期二上午看診、星期三上午看診、星期四上午看診、星期五上午看診、星期六上午看診、星期日上午休診、星期一下午看診、星期二下午休診、星期三下午看診、星期四下午休診、星期五下午看診、星期六下午休診、星期日下午休診、星期一晚上看診、星期二晚上看診、星期三晚上看診、星期四晚上看診、星期五晚上看診、星期六晚上休診、星期日晚上休診,
5946011691,宜康藥局,藥師自營,089-227061,台東縣台東市更生路685號,東區業務組,藥局,,,,星期一上午看診、星期二上午看診、星期三上午看診、星期四上午看診、星期五上午看診、星期六上午看診、星期日上午看診、星期一下午看診、星期二下午看診、星期三下午看診、星期四下午看診、星期五下午看診、星期六下午看診、星期日下午看診、星期一晚上看診、星期二晚上看診、星期三晚上看診、星期四晚上看診、星期五晚上看診、星期六晚上看診、星期日晚上看診,
5946011753,日安藥局,藥師自營,089-516116,台東縣台東市大順路19號,東區業務組,藥局,,,,星期一上午看診、星期二上午看診、星期三上午看診、星期四上午看診、星期五上午看診、星期六上午看診、星期日上午休診、星期一下午看診、星期二下午看診、星期三下午休診、星期四下午看診、星期五下午看診、星期六下午休診、星期日下午休診、星期一晚上看診、星期二晚上看診、星期三晚上休診、星期四晚上看診、星期五晚上看診、星期六晚上休診、星期日晚上休診,
5946011771,詠康藥局,藥師自營,089-361950,台東縣台東市更生路113號,東區業務組,藥局,,,,星期一上午看診、星期二上午看診、星期三上午看診、星期四上午看診、星期五上午看診、星期六上午看診、星期日上午休診、星期一下午看診、星期二下午看診、星期三下午看診、星期四下午看診、星期五下午看診、星期六下午休診、星期日下午休診、星期一晚上看診、星期二晚上看診、星期三晚上看診、星期四晚上看診、星期五晚上看診、星期六晚上休診、星期日晚上休診,
5946011780,禾安藥局,藥師自營,089-347999,台東縣台東市正氣北路145號,東區業務組,藥局,,,,星期一上午看診、星期二上午看診、星期三上午看診、星期四上午看診、星期五上午看診、星期六上午看診、星期日上午看診、星期一下午看診、星期二下午看診、星期三下午看診、星期四下午看診、星期五下午看診、星期六下午看診、星期日下午看診、星期一晚上看診、星期二晚上看診、星期三晚上看診、星期四晚上看診、星期五晚上看診、星期六晚上看診、星期日晚上看診,
5946011824,東農藥局,藥劑生自營,089-353195,臺東縣台東市新生路227號,東區業務組,藥局,,,,星期一上午看診、星期二上午看診、星期三上午看診、星期四上午看診、星期五上午看診、星期六上午看診、星期日上午看診、星期一下午看診、星期二下午看診、星期三下午看診、星期四下午看診、星期五下午看診、星期六下午看診、星期日下午看診、星期一晚上看診、星期二晚上看診、星期三晚上看診、星期四晚上看診、星期五晚上看診、星期六晚上看診、星期日晚上看診,服務時間：W1-6:上午8:30~晚上10時，W日上午9時~晚上9時。
5946011842,康泰藥局,藥劑生自營,089-349889,臺東縣台東市博愛路360號,東區業務組,藥局,,,,星期一上午看診、星期二上午看診、星期三上午看診、星期四上午看診、星期五上午看診、星期六上午看診、星期日上午休診、星期一下午看診、星期二下午看診、星期三下午看診、星期四下午看診、星期五下午看診、星期六下午休診、星期日下午休診、星期一晚上看診、星期二晚上看診、星期三晚上休診、星期四晚上看診、星期五晚上看診、星期六晚上休診、星期日晚上休診,"服務時間：0830-1200, 3-6pm, 7-9pm。"
5946011851,合興大藥局,藥師自營,089-220995,臺東縣台東市四維路3段40號,東區業務組,藥局,,,,星期一上午看診、星期二上午看診、星期三上午看診、星期四上午看診、星期五上午看診、星期六上午看診、星期日上午看診、星期一下午看診、星期二下午看診、星期三下午看診、星期四下午看診、星期五下午看診、星期六下午看診、星期日下午看診、星期一晚上看診、星期二晚上看診、星期三晚上看診、星期四晚上看診、星期五晚上看診、星期六晚上看診、星期日晚上休診,
5946011931,中華藥局,藥師自營,089-322389,臺東縣台東市中華路二段345號,東區業務組,藥局,,,,星期一上午看診、星期二上午看診、星期三上午看診、星期四上午看診、星期五上午看診、星期六上午休診、星期日上午休診、星期一下午看診、星期二下午看診、星期三下午看診、星期四下午看診、星期五下午看診、星期六下午休診、星期日下午休診、星期一晚上看診、星期二晚上看診、星期三晚上看診、星期四晚上看診、星期五晚上看診、星期六晚上休診、星期日晚上休診,週一至周四營業時間 08:00-21:30;週五營業時間08:00-20:00
5946011940,盈盈藥局,藥師自營,   -,,東區業務組,藥局,,,2018/12/05,,
5946011968,晶采藥局,藥劑生自營,089-343388,臺東縣台東市中正路332號,東區業務組,藥局,,,,星期一上午看診、星期二上午看診、星期三上午看診、星期四上午看診、星期五上午看診、星期六上午看診、星期日上午休診、星期一下午看診、星期二下午看診、星期三下午看診、星期四下午看診、星期五下午看診、星期六下午看診、星期日下午休診、星期一晚上看診、星期二晚上看診、星期三晚上看診、星期四晚上看診、星期五晚上看診、星期六晚上休診、星期日晚上休診,
5946011995,東台藥局,藥師自營,   -,,東區業務組,藥局,,,2018/04/09,,
5946012018,強生幸福藥局,藥師自營,089-235131,臺東縣台東市更生路731號,東區業務組,藥局,,,,星期一上午看診、星期二上午看診、星期三上午看診、星期四上午看診、星期五上午看診、星期六上午看診、星期日上午看診、星期一下午看診、星期二下午看診、星期三下午看診、星期四下午看診、星期五下午看診、星期六下午看診、星期日下午看診、星期一晚上看診、星期二晚上看診、星期三晚上看診、星期四晚上看診、星期五晚上看診、星期六晚上看診、星期日晚上看診,
5946012036,豐田藥局,藥師自營,   -,,東區業務組,藥局,,,2017/06/15,,
5946012063,采宏健保藥局,藥師自營,089-330197,臺東縣台東市中正路211號,東區業務組,藥局,,,,星期一上午看診、星期二上午看診、星期三上午看診、星期四上午看診、星期五上午看診、星期六上午看診、星期日上午休診、星期一下午看診、星期二下午看診、星期三下午看診、星期四下午看診、星期五下午看診、星期六下午休診、星期日下午休診、星期一晚上看診、星期二晚上看診、星期三晚上看診、星期四晚上看診、星期五晚上看診、星期六晚上休診、星期日晚上休診,服務時間：8:00~21:00
5946012072,聯美藥局,藥師自營,089-330529,臺東縣台東市開封街595號,東區業務組,藥局,,,,星期一上午休診、星期二上午休診、星期三上午休診、星期四上午休診、星期五上午休診、星期六上午休診、星期日上午看診、星期一下午休診、星期二下午休診、星期三下午休診、星期四下午休診、星期五下午休診、星期六下午看診、星期日下午看診、星期一晚上休診、星期二晚上休診、星期三晚上休診、星期四晚上休診、星期五晚上休診、星期六晚上看診、星期日晚上看診,
5946012107,甫原中西人合藥局,藥師自營,089-328166,臺東縣台東市光明路120號,東區業務組,藥局,,,,星期一上午看診、星期二上午看診、星期三上午看診、星期四上午看診、星期五上午看診、星期六上午看診、星期日上午看診、星期一下午看診、星期二下午看診、星期三下午看診、星期四下午看診、星期五下午看診、星期六下午看診、星期日下午看診、星期一晚上看診、星期二晚上看診、星期三晚上看診、星期四晚上看診、星期五晚上看診、星期六晚上看診、星期日晚上看診,服務時間：上午8-12時、下午2:30~9:30。
5946012116,永盛藥局,藥師自營,089-345767,臺東縣台東市中山路267之1號,東區業務組,藥局,,,,星期一上午看診、星期二上午看診、星期三上午看診、星期四上午看診、星期五上午看診、星期六上午看診、星期日上午休診、星期一下午看診、星期二下午看診、星期三下午看診、星期四下午看診、星期五下午看診、星期六下午休診、星期日下午休診、星期一晚上看診、星期二晚上看診、星期三晚上看診、星期四晚上看診、星期五晚上看診、星期六晚上休診、星期日晚上休診,服務時間：上午8時-12時、下午2:30~9:30。
5946012125,強生藥師藥局,藥劑生自營,089-226867,臺東縣台東市更生路766號,東區業務組,藥局,,,,星期一上午看診、星期二上午看診、星期三上午看診、星期四上午看診、星期五上午看診、星期六上午看診、星期日上午看診、星期一下午看診、星期二下午看診、星期三下午看診、星期四下午看診、星期五下午看診、星期六下午看診、星期日下午看診、星期一晚上看診、星期二晚上看診、星期三晚上看診、星期四晚上看診、星期五晚上看診、星期六晚上看診、星期日晚上看診,服務時間：早上8時~晚上10時。
5946012143,大正藥局,藥師自營,   -,,東區業務組,藥局,,,2017/04/17,,
5946012170,維康藥局台東馬偕店,藥師自營,089-354750,臺東縣台東市長沙街196號,東區業務組,藥局,,,,星期一上午看診、星期二上午看診、星期三上午看診、星期四上午看診、星期五上午看診、星期六上午看診、星期日上午休診、星期一下午看診、星期二下午看診、星期三下午看診、星期四下午看診、星期五下午看診、星期六下午休診、星期日下午休診、星期一晚上看診、星期二晚上看診、星期三晚上看診、星期四晚上看診、星期五晚上看診、星期六晚上休診、星期日晚上休診,
5946012189,大正藥局,藥師自營,   -,,東區業務組,藥局,,,2018/09/05,,
5946012198,豐田藥局,藥師自營,089-384057,臺東縣台東市中興路四段495之1號1樓,東區業務組,藥局,,,,星期一上午看診、星期二上午看診、星期三上午看診、星期四上午看診、星期五上午看診、星期六上午看診、星期日上午休診、星期一下午看診、星期二下午看診、星期三下午休診、星期四下午看診、星期五下午看診、星期六下午休診、星期日下午休診、星期一晚上看診、星期二晚上看診、星期三晚上休診、星期四晚上看診、星期五晚上看診、星期六晚上休診、星期日晚上休診,10/10.10/11.上午.下午.晚上看診.10/12早上看診
5946012205,欣華藥局,藥師自營,089-320676,臺東縣臺東市更生路73號,東區業務組,藥局,,,,星期一上午看診、星期二上午看診、星期三上午看診、星期四上午看診、星期五上午看診、星期六上午看診、星期日上午休診、星期一下午看診、星期二下午看診、星期三下午看診、星期四下午看診、星期五下午看診、星期六下午休診、星期日下午休診、星期一晚上看診、星期二晚上看診、星期三晚上看診、星期四晚上看診、星期五晚上看診、星期六晚上休診、星期日晚上休診,
5946012214,采宏健康藥局,藥師自營,089-330192,臺東縣台東市民生里更生路126號,東區業務組,藥局,,,,星期一上午看診、星期二上午看診、星期三上午看診、星期四上午看診、星期五上午看診、星期六上午看診、星期日上午休診、星期一下午看診、星期二下午看診、星期三下午看診、星期四下午看診、星期五下午看診、星期六下午休診、星期日下午休診、星期一晚上看診、星期二晚上看診、星期三晚上看診、星期四晚上看診、星期五晚上看診、星期六晚上休診、星期日晚上休診,服務時間：早上8:30~晚上9:00
5946012223,東台藥局,藥師自營,089-355566,臺東縣台東市中山路226號,東區業務組,藥局,,,,星期一上午看診、星期二上午看診、星期三上午看診、星期四上午看診、星期五上午看診、星期六上午看診、星期日上午休診、星期一下午看診、星期二下午看診、星期三下午休診、星期四下午看診、星期五下午看診、星期六下午休診、星期日下午休診、星期一晚上休診、星期二晚上看診、星期三晚上看診、星期四晚上看診、星期五晚上看診、星期六晚上休診、星期日晚上休診,
5946012232,大正藥局,藥師自營,089-239775,臺東縣臺東市中興路2段434號,東區業務組,藥局,,,,星期一上午看診、星期二上午看診、星期三上午看診、星期四上午看診、星期五上午看診、星期六上午看診、星期日上午看診、星期一下午看診、星期二下午看診、星期三下午看診、星期四下午看診、星期五下午看診、星期六下午看診、星期日下午看診、星期一晚上看診、星期二晚上看診、星期三晚上看診、星期四晚上看診、星期五晚上看診、星期六晚上看診、星期日晚上看診,星期一~星期日：早上9點到晚上10點
5946012241,精湛藥局,藥師自營,089-356119,臺東縣臺東市中正路344號,東區業務組,藥局,,,,星期一上午看診、星期二上午看診、星期三上午看診、星期四上午看診、星期五上午看診、星期六上午看診、星期日上午休診、星期一下午看診、星期二下午看診、星期三下午休診、星期四下午看診、星期五下午看診、星期六下午休診、星期日下午休診、星期一晚上休診、星期二晚上休診、星期三晚上休診、星期四晚上休診、星期五晚上休診、星期六晚上休診、星期日晚上休診,早上8:30-11:30 下午3:30-6:30
5946012287,安心藥局,藥師自營,089-348337,臺東縣台東市新生路85號2樓,東區業務組,藥局,,,,星期一上午看診、星期二上午看診、星期三上午看診、星期四上午休診、星期五上午看診、星期六上午看診、星期日上午休診、星期一下午看診、星期二下午看診、星期三下午看診、星期四下午看診、星期五下午看診、星期六下午休診、星期日下午休診、星期一晚上看診、星期二晚上看診、星期三晚上看診、星期四晚上看診、星期五晚上看診、星期六晚上休診、星期日晚上休診,
5946012312,仁愛藥局,藥師自營,089-350360,臺東縣臺東市光明路40號,東區業務組,藥局,,,,,
5946020047,成功健康藥局,藥師自營,089-853332,臺東縣成功鎮中山路17號,東區業務組,藥局,,,,星期一上午看診、星期二上午看診、星期三上午看診、星期四上午看診、星期五上午看診、星期六上午看診、星期日上午休診、星期一下午看診、星期二下午看診、星期三下午看診、星期四下午看診、星期五下午看診、星期六下午看診、星期日下午休診、星期一晚上看診、星期二晚上看診、星期三晚上看診、星期四晚上看診、星期五晚上看診、星期六晚上看診、星期日晚上休診,服務時間：早上8時~晚上9時。
5946020056,順華藥局,藥師自營,089-851273,臺東縣成功鎮中華路136號1樓、2樓(14舖),東區業務組,藥局,,,,星期一上午看診、星期二上午看診、星期三上午看診、星期四上午看診、星期五上午看診、星期六上午看診、星期日上午看診、星期一下午休診、星期二下午休診、星期三下午休診、星期四下午休診、星期五下午休診、星期六下午休診、星期日下午休診、星期一晚上看診、星期二晚上看診、星期三晚上看診、星期四晚上看診、星期五晚上看診、星期六晚上看診、星期日晚上看診,下午休息時段三點~六點
5946030025,大豐藥局,藥師自營,089-810502,台東縣關山鎮中華路38號,東區業務組,藥局,,,,星期一上午休診、星期二上午休診、星期三上午休診、星期四上午休診、星期五上午休診、星期六上午看診、星期日上午看診、星期一下午休診、星期二下午休診、星期三下午休診、星期四下午休診、星期五下午休診、星期六下午休診、星期日下午休診、星期一晚上休診、星期二晚上休診、星期三晚上休診、星期四晚上休診、星期五晚上休診、星期六晚上休診、星期日晚上休診,
5946030034,宏順藥局,藥師自營,089-813536,台東縣關山鎮中華路16號,東區業務組,藥局,,,,星期一上午看診、星期二上午看診、星期三上午看診、星期四上午看診、星期五上午看診、星期六上午看診、星期日上午休診、星期一下午看診、星期二下午看診、星期三下午看診、星期四下午看診、星期五下午看診、星期六下午休診、星期日下午休診、星期一晚上看診、星期二晚上看診、星期三晚上看診、星期四晚上看診、星期五晚上看診、星期六晚上休診、星期日晚上休診,
5946031095,全聯台東關山藥局,藥師自營,   -,,東區業務組,藥局,,,2019/04/23,,
5946041028,安康藥局,藥師自營,089-383729,台東縣卑南鄉太平里和平路111之6號,東區業務組,藥局,,,,星期一上午看診、星期二上午看診、星期三上午看診、星期四上午看診、星期五上午看診、星期六上午看診、星期日上午休診、星期一下午看診、星期二下午看診、星期三下午看診、星期四下午看診、星期五下午看診、星期六下午休診、星期日下午休診、星期一晚上看診、星期二晚上看診、星期三晚上看診、星期四晚上看診、星期五晚上看診、星期六晚上休診、星期日晚上休診,AP 8~12; PM 16~19:30
5946061093,仁和藥局,藥師自營,089-781523,台東縣太麻里鄉泰和村外環路218號,東區業務組,藥局,,,,星期一上午看診、星期二上午看診、星期三上午看診、星期四上午看診、星期五上午看診、星期六上午看診、星期日上午休診、星期一下午看診、星期二下午看診、星期三下午休診、星期四下午看診、星期五下午看診、星期六下午休診、星期日下午休診、星期一晚上看診、星期二晚上看診、星期三晚上休診、星期四晚上看診、星期五晚上看診、星期六晚上休診、星期日晚上休診,
5946061128,三杏藥局,藥師自營,089-783373,臺東縣太麻里鄉太麻里街263號,東區業務組,藥局,,,,星期一上午看診、星期二上午看診、星期三上午看診、星期四上午看診、星期五上午看診、星期六上午看診、星期日上午休診、星期一下午看診、星期二下午看診、星期三下午看診、星期四下午看診、星期五下午看診、星期六下午看診、星期日下午休診、星期一晚上看診、星期二晚上看診、星期三晚上看診、星期四晚上看診、星期五晚上看診、星期六晚上休診、星期日晚上休診,
5946080543,伯安健康藥局,藥劑生自營,   -,,東區業務組,藥局,,,2017/02/23,,
5946080552,伯安健康藥局,藥劑生自營,089-832519,臺東縣長濱鄉長濱村10鄰長濱路105號,東區業務組,藥局,,,,星期一上午看診、星期二上午看診、星期三上午看診、星期四上午看診、星期五上午看診、星期六上午看診、星期日上午休診、星期一下午看診、星期二下午看診、星期三下午看診、星期四下午看診、星期五下午看診、星期六下午休診、星期日下午休診、星期一晚上看診、星期二晚上休診、星期三晚上看診、星期四晚上休診、星期五晚上看診、星期六晚上休診、星期日晚上休診,服務時間：上午7:30-12時、下午2:30時-5時.晚上18:30-20:00.
5946091108,鹿野藥局,藥劑生自營,089-552027,台東縣鹿野鄉中華路2段146號1樓,東區業務組,藥局,,,,星期一上午看診、星期二上午看診、星期三上午看診、星期四上午看診、星期五上午看診、星期六上午看診、星期日上午休診、星期一下午看診、星期二下午看診、星期三下午休診、星期四下午看診、星期五下午看診、星期六下午休診、星期日下午休診、星期一晚上看診、星期二晚上看診、星期三晚上休診、星期四晚上看診、星期五晚上看診、星期六晚上休診、星期日晚上休診,109/01/01早上看診 /// 下午晚上休診
5946091135,平安藥局,藥師自營,089-550688,臺東縣鹿野鄉中華路二段5號,東區業務組,藥局,,,,星期一上午看診、星期二上午看診、星期三上午看診、星期四上午看診、星期五上午看診、星期六上午看診、星期日上午休診、星期一下午看診、星期二下午看診、星期三下午看診、星期四下午看診、星期五下午看診、星期六下午看診、星期日下午休診、星期一晚上看診、星期二晚上看診、星期三晚上看診、星期四晚上看診、星期五晚上看診、星期六晚上看診、星期日晚上休診,
5946101065,上和藥局,藥師自營,089-864171,台東縣池上鄉忠孝路86號,東區業務組,藥局,,,,星期一上午看診、星期二上午看診、星期三上午看診、星期四上午看診、星期五上午看診、星期六上午看診、星期日上午休診、星期一下午看診、星期二下午看診、星期三下午休診、星期四下午看診、星期五下午看診、星期六下午休診、星期日下午休診、星期一晚上看診、星期二晚上看診、星期三晚上休診、星期四晚上看診、星期五晚上看診、星期六晚上休診、星期日晚上休診,
